Feature,Missing Count,Missing Percent
Work Experience,573,10.146980697715602
Family  Size,248,4.391712413670976
Bachelor,124,2.195856206835488
Career,114,2.018771028864884
Graduated,69,1.2218877279971667
Variable,52,0.9208429254471401
Sex,32,0.5666725695059324
Family Expenses,30,0.5312555339118116
Age,21,0.3718788737382681
